{
  "metadata": {
    "version": "1.1-tropicalizado",
    "idioma": "es-LATAM",
    "titulo": "Cuestionario de Madurez DevOps orientado a productos Azure",
    "duracionEstimadaMin": "50-60",
    "fuentes": [
      "Microsoft Learn",
      "Azure Well-Architected Framework (WAF)",
      "CMMI (Capability Maturity Model Integration)"
    ],
    "fechaGeneracion": "2025-11-07",
    "fechaActualizacion": "2025-11-08",
    "cambios": [
      "Preguntas tropicalizadas a español latinoamericano",
      "Lenguaje más claro y explicativo",
      "Reducción de tecnicismos",
      "Mayor claridad en las opciones de respuesta"
    ]
  },
  "instrucciones": "Seleccione la opción que mejor describa la situación actual de su equipo u organización. Siempre puede elegir 'Otro (especificar)' para casos particulares o 'No implementado / No aplica' cuando no corresponda.",
  "areas": [
    {
      "id": "A",
      "nombre": "Planificación y Gestión Ágil (ALM)",
      "objetivo": "Evalúa cómo su equipo planifica, organiza y gestiona el trabajo utilizando metodologías ágiles y herramientas de Azure/GitHub para optimizar el flujo de entrega de valor.",
      "preguntas": [
        {
          "id": "A1",
          "tipo": "single",
          "texto": "¿Cuál es la herramienta principal que utiliza su equipo para organizar y planificar el trabajo, crear listas de tareas pendientes (backlog) y gestionar los ciclos de desarrollo (sprints)?",
          "opciones": [
            {
              "id": "A1O1",
              "texto": "Azure Boards"
            },
            {
              "id": "A1O2",
              "texto": "GitHub Projects"
            },
            {
              "id": "A1O3",
              "texto": "Jira"
            },
            {
              "id": "A1O4",
              "texto": "Azure DevOps (Boards + Repos)"
            },
            {
              "id": "A1O5",
              "texto": "Planner/Excel/Google Sheets"
            },
            {
              "id": "A1OTRO",
              "texto": "Otro (especificar)",
              "otroCampoId": "A1OTRO_TEXTO"
            },
            {
              "id": "A1NO",
              "texto": "No implementado / No aplica"
            }
          ],
          "campoOtro": {
            "id": "A1OTRO_TEXTO",
            "placeholder": "Especifique"
          },
          "texto_original": "¿Qué herramienta primaria utiliza para planificación, backlog y sprints?"
        },
        {
          "id": "A2",
          "tipo": "single",
          "texto": "¿De qué manera su equipo decide qué tareas y características son más importantes y en qué orden deben desarrollarse en la lista de trabajo pendiente?",
          "opciones": [
            {
              "id": "A2O1",
              "texto": "Ordenamiento por prioridad con reglas claras y documentadas",
              "texto_original": "Stack rank con políticas definidas"
            },
            {
              "id": "A2O2",
              "texto": "Metodología de priorización MoSCoW (Must have, Should have, Could have, Won't have) o WSJF documentada",
              "texto_original": "MoSCoW/WSJF documentado"
            },
            {
              "id": "A2O3",
              "texto": "Priorización decidida por un grupo de personas según la situación",
              "texto_original": "Prioridad por comité ad-hoc"
            },
            {
              "id": "A2O4",
              "texto": "Se prioriza por urgencia o dependencias sin seguir un método específico",
              "texto_original": "Por dependencia/urgencia sin criterio formal"
            },
            {
              "id": "A2OTRO",
              "texto": "Otro (especificar)",
              "otroCampoId": "A2OTRO_TEXTO"
            },
            {
              "id": "A2NO",
              "texto": "No implementado / No aplica"
            }
          ],
          "campoOtro": {
            "id": "A2OTRO_TEXTO",
            "placeholder": "Especifique"
          },
          "texto_original": "¿Cómo prioriza y ordena su backlog de producto?"
        },
        {
          "id": "A3",
          "tipo": "single",
          "texto": "¿Pueden seguir el recorrido completo de una funcionalidad desde que se solicita hasta que se entrega, incluyendo los cambios de código, compilación, despliegue y posibles problemas?",
          "opciones": [
            {
              "id": "A3O1",
              "texto": "Seguimiento completo y automatizado",
              "texto_original": "Completa (automática)"
            },
            {
              "id": "A3O2",
              "texto": "Seguimiento parcial con procesos manuales y automáticos",
              "texto_original": "Parcial (manual+automática)"
            },
            {
              "id": "A3O3",
              "texto": "Seguimiento únicamente manual",
              "texto_original": "Sólo manual"
            },
            {
              "id": "A3O4",
              "texto": "No hay seguimiento del recorrido de las funcionalidades",
              "texto_original": "Sin trazabilidad"
            },
            {
              "id": "A3OTRO",
              "texto": "Otro (especificar)",
              "otroCampoId": "A3OTRO_TEXTO"
            },
            {
              "id": "A3NO",
              "texto": "No implementado / No aplica"
            }
          ],
          "campoOtro": {
            "id": "A3OTRO_TEXTO",
            "placeholder": "Especifique"
          },
          "texto_original": "¿Existe trazabilidad end-to-end Requisito→Commit→Build→Release→Incidente?"
        },
        {
          "id": "A4",
          "tipo": "single",
          "texto": "¿Con qué frecuencia su equipo entrega nuevas funcionalidades o actualizaciones a los usuarios finales en el ambiente de producción?",
          "opciones": [
            {
              "id": "A4O1",
              "texto": "Todos los días",
              "texto_original": "Diaria"
            },
            {
              "id": "A4O2",
              "texto": "Una vez por semana",
              "texto_original": "Semanal"
            },
            {
              "id": "A4O3",
              "texto": "Cada dos semanas",
              "texto_original": "Quincenal"
            },
            {
              "id": "A4O4",
              "texto": "Mensual o superior"
            },
            {
              "id": "A4OTRO",
              "texto": "Otro (especificar)",
              "otroCampoId": "A4OTRO_TEXTO"
            },
            {
              "id": "A4NO",
              "texto": "No implementado / No aplica"
            }
          ],
          "campoOtro": {
            "id": "A4OTRO_TEXTO",
            "placeholder": "Especifique"
          },
          "texto_original": "Cadencia de iteraciones/entregas a producción:"
        },
        {
          "id": "A5",
          "tipo": "multi",
          "texto": "¿Qué técnicas utiliza su equipo para revisar, mejorar y mantener organizada la lista de trabajo pendiente (backlog) para asegurar que sea clara y útil?",
          "opciones": [
            {
              "id": "A5O1",
              "texto": "Definition of Ready"
            },
            {
              "id": "A5O2",
              "texto": "Definition of Done"
            },
            {
              "id": "A5O3",
              "texto": "Plantillas de historias y criterios de aceptación"
            },
            {
              "id": "A5O4",
              "texto": "Métricas de flujo (Lead/Cycle Time) con dashboards de Azure Boards"
            },
            {
              "id": "A5OTRO",
              "texto": "Otro (especificar)",
              "otroCampoId": "A5OTRO_TEXTO"
            },
            {
              "id": "A5NO",
              "texto": "No implementado / No aplica"
            }
          ],
          "campoOtro": {
            "id": "A5OTRO_TEXTO",
            "placeholder": "Especifique"
          },
          "texto_original": "¿Qué prácticas de refinamiento y calidad del backlog utiliza?"
        },
        {
          "id": "A6",
          "tipo": "single",
          "texto": "¿Qué metodología o framework utiliza su organización para documentar, organizar y gestionar las necesidades y solicitudes de los usuarios?",
          "opciones": [
            {
              "id": "A6O1",
              "texto": "Plantillas estandarizadas en Azure Boards"
            },
            {
              "id": "A6O2",
              "texto": "Historias + Features + Epics mapeados a Roadmap"
            },
            {
              "id": "A6O3",
              "texto": "Mixto sin estándares"
            },
            {
              "id": "A6O4",
              "texto": "No estandarizado"
            },
            {
              "id": "A6OTRO",
              "texto": "Otro (especificar)",
              "otroCampoId": "A6OTRO_TEXTO"
            },
            {
              "id": "A6NO",
              "texto": "No implementado / No aplica"
            }
          ],
          "campoOtro": {
            "id": "A6OTRO_TEXTO",
            "placeholder": "Especifique"
          },
          "texto_original": "¿Qué estándar de gestión de requerimientos utiliza?"
        },
        {
          "id": "A7",
          "tipo": "single",
          "texto": "¿Cómo coordina su equipo el trabajo cuando necesita colaborar con otros equipos o cuando una tarea depende del trabajo de otros grupos?",
          "opciones": [
            {
              "id": "A7O1",
              "texto": "Program Board (SAFe)"
            },
            {
              "id": "A7O2",
              "texto": "Boards vinculados y cross-team links"
            },
            {
              "id": "A7O3",
              "texto": "Sincronizaciones manuales"
            },
            {
              "id": "A7O4",
              "texto": "No gestionadas"
            },
            {
              "id": "A7OTRO",
              "texto": "Otro (especificar)",
              "otroCampoId": "A7OTRO_TEXTO"
            },
            {
              "id": "A7NO",
              "texto": "No implementado / No aplica"
            }
          ],
          "campoOtro": {
            "id": "A7OTRO_TEXTO",
            "placeholder": "Especifique"
          },
          "texto_original": "¿Cómo gestiona la dependencia entre equipos/tribus?"
        },
        {
          "id": "A8",
          "tipo": "multi",
          "texto": "¿Qué indicadores o números revisa regularmente su equipo para medir qué tan bien está entregando el trabajo y cumpliendo objetivos?",
          "opciones": [
            {
              "id": "A8O1",
              "texto": "Throughput"
            },
            {
              "id": "A8O2",
              "texto": "Lead/Cycle Time"
            },
            {
              "id": "A8O3",
              "texto": "WIP"
            },
            {
              "id": "A8O4",
              "texto": "Predictibilidad (plazos vs entregas)"
            },
            {
              "id": "A8OTRO",
              "texto": "Otro (especificar)",
              "otroCampoId": "A8OTRO_TEXTO"
            },
            {
              "id": "A8NO",
              "texto": "No implementado / No aplica"
            }
          ],
          "campoOtro": {
            "id": "A8OTRO_TEXTO",
            "placeholder": "Especifique"
          },
          "texto_original": "¿Qué métricas de delivery revisa de forma periódica?"
        },
        {
          "id": "A9",
          "tipo": "single",
          "texto": "¿Cómo maneja su equipo los posibles problemas que pueden surgir y los cambios en los requisitos o expectativas del proyecto?",
          "opciones": [
            {
              "id": "A9O1",
              "texto": "Registro de riesgos con planes de mitigación"
            },
            {
              "id": "A9O2",
              "texto": "CRs formales con aprobación"
            },
            {
              "id": "A9O3",
              "texto": "Ajustes ad-hoc"
            },
            {
              "id": "A9O4",
              "texto": "No gestionados"
            },
            {
              "id": "A9OTRO",
              "texto": "Otro (especificar)",
              "otroCampoId": "A9OTRO_TEXTO"
            },
            {
              "id": "A9NO",
              "texto": "No implementado / No aplica"
            }
          ],
          "campoOtro": {
            "id": "A9OTRO_TEXTO",
            "placeholder": "Especifique"
          },
          "texto_original": "¿Cómo gestiona riesgos y cambios de alcance?"
        },
        {
          "id": "A10",
          "tipo": "single",
          "texto": "¿Qué herramienta utiliza para crear y mantener actualizada la documentación del proyecto que siempre refleje el estado actual del desarrollo?",
          "opciones": [
            {
              "id": "A10O1",
              "texto": "Azure DevOps Wiki"
            },
            {
              "id": "A10O2",
              "texto": "GitHub Wiki/Docs"
            },
            {
              "id": "A10O3",
              "texto": "Confluence"
            },
            {
              "id": "A10O4",
              "texto": "SharePoint/OneNote"
            },
            {
              "id": "A10OTRO",
              "texto": "Otro (especificar)",
              "otroCampoId": "A10OTRO_TEXTO"
            },
            {
              "id": "A10NO",
              "texto": "No implementado / No aplica"
            }
          ],
          "campoOtro": {
            "id": "A10OTRO_TEXTO",
            "placeholder": "Especifique"
          },
          "texto_original": "¿Qué herramienta de documentación viva utiliza?"
        }
      ]
    },
    {
      "id": "B",
      "nombre": "Código, Control de Versiones y Calidad",
      "objetivo": "Evalúa las prácticas de desarrollo de código, control de versiones, calidad y colaboración en equipo.",
      "preguntas": [
        {
          "id": "B1",
          "tipo": "single",
          "texto": "¿En qué plataforma principal almacena y gestiona su equipo el código fuente del proyecto?",
          "opciones": [
            {
              "id": "B1O1",
              "texto": "Azure Repos (Git)"
            },
            {
              "id": "B1O2",
              "texto": "GitHub Enterprise"
            },
            {
              "id": "B1O3",
              "texto": "GitLab"
            },
            {
              "id": "B1O4",
              "texto": "Bitbucket"
            },
            {
              "id": "B1OTRO",
              "texto": "Otro (especificar)",
              "otroCampoId": "B1OTRO_TEXTO"
            },
            {
              "id": "B1NO",
              "texto": "No implementado / No aplica"
            }
          ],
          "campoOtro": {
            "id": "B1OTRO_TEXTO",
            "placeholder": "Especifique"
          },
          "texto_original": "¿Repositorio principal?"
        },
        {
          "id": "B2",
          "tipo": "single",
          "texto": "¿Dónde guarda su equipo los archivos compilados, librerías y componentes reutilizables que genera durante el desarrollo?",
          "opciones": [
            {
              "id": "B2O1",
              "texto": "Trunk-Based con feature flags"
            },
            {
              "id": "B2O2",
              "texto": "GitFlow adaptado"
            },
            {
              "id": "B2O3",
              "texto": "GitHub Flow"
            },
            {
              "id": "B2O4",
              "texto": "Release branches"
            },
            {
              "id": "B2OTRO",
              "texto": "Otro (especificar)",
              "otroCampoId": "B2OTRO_TEXTO"
            },
            {
              "id": "B2NO",
              "texto": "No implementado / No aplica"
            }
          ],
          "campoOtro": {
            "id": "B2OTRO_TEXTO",
            "placeholder": "Especifique"
          },
          "texto_original": "¿Dónde se almacenan artefactos y paquetes?"
        },
        {
          "id": "B3",
          "tipo": "multi",
          "texto": "¿Qué elementos de su proyecto tienen control de versiones para rastrear cambios y mantener un historial de modificaciones?",
          "opciones": [
            {
              "id": "B3O1",
              "texto": "Aprobaciones mínimas"
            },
            {
              "id": "B3O2",
              "texto": "Branch protection"
            },
            {
              "id": "B3O3",
              "texto": "Status checks obligatorios"
            },
            {
              "id": "B3O4",
              "texto": "Auto-merge/merge queues"
            },
            {
              "id": "B3OTRO",
              "texto": "Otro (especificar)",
              "otroCampoId": "B3OTRO_TEXTO"
            },
            {
              "id": "B3NO",
              "texto": "No implementado / No aplica"
            }
          ],
          "campoOtro": {
            "id": "B3OTRO_TEXTO",
            "placeholder": "Especifique"
          },
          "texto_original": "¿Qué se versiona?"
        },
        {
          "id": "B4",
          "tipo": "multi",
          "texto": "¿Utiliza su equipo herramientas de inteligencia artificial para ayudar a escribir código de manera más segura y eficiente?",
          "opciones": [
            {
              "id": "B4O1",
              "texto": "SonarQube/SonarCloud"
            },
            {
              "id": "B4O2",
              "texto": "CodeQL"
            },
            {
              "id": "B4O3",
              "texto": "Semgrep"
            },
            {
              "id": "B4O4",
              "texto": "Análisis de cobertura (Cobertura/JaCoCo)"
            },
            {
              "id": "B4OTRO",
              "texto": "Otro (especificar)",
              "otroCampoId": "B4OTRO_TEXTO"
            },
            {
              "id": "B4NO",
              "texto": "No implementado / No aplica"
            }
          ],
          "campoOtro": {
            "id": "B4OTRO_TEXTO",
            "placeholder": "Especifique"
          },
          "texto_original": "¿Uso de IA para desarrollo seguro/productivo?"
        },
        {
          "id": "B5",
          "tipo": "single",
          "texto": "¿Todos los cambios importantes en el código son revisados por otros desarrolladores antes de ser incluidos en el proyecto principal?",
          "opciones": [
            {
              "id": "B5O1",
              "texto": "Linting (ESLint/flake8/etc.)"
            },
            {
              "id": "B5O2",
              "texto": "Pre-commit hooks"
            },
            {
              "id": "B5O3",
              "texto": "Estándares por lenguaje"
            },
            {
              "id": "B5O4",
              "texto": "No definidos"
            },
            {
              "id": "B5OTRO",
              "texto": "Otro (especificar)",
              "otroCampoId": "B5OTRO_TEXTO"
            },
            {
              "id": "B5NO",
              "texto": "No implementado / No aplica"
            }
          ],
          "campoOtro": {
            "id": "B5OTRO_TEXTO",
            "placeholder": "Especifique"
          },
          "texto_original": "¿Evidencia de revisión entre pares (peer review) 100% de cambios críticos?"
        },
        {
          "id": "B6",
          "tipo": "single",
          "texto": "¿Cómo gestiona su equipo las librerías externas que utiliza el proyecto y mantiene un inventario de todos los componentes de software?",
          "opciones": [
            {
              "id": "B6O1",
              "texto": "Azure Artifacts"
            },
            {
              "id": "B6O2",
              "texto": "GitHub Packages"
            },
            {
              "id": "B6O3",
              "texto": "JFrog Artifactory"
            },
            {
              "id": "B6O4",
              "texto": "Nexus"
            },
            {
              "id": "B6OTRO",
              "texto": "Otro (especificar)",
              "otroCampoId": "B6OTRO_TEXTO"
            },
            {
              "id": "B6NO",
              "texto": "No implementado / No aplica"
            }
          ],
          "campoOtro": {
            "id": "B6OTRO_TEXTO",
            "placeholder": "Especifique"
          },
          "texto_original": "¿Gestión de dependencias y SBOM?"
        },
        {
          "id": "B7",
          "tipo": "multi",
          "texto": "¿Qué se versiona?",
          "opciones": [
            {
              "id": "B7O1",
              "texto": "Código app"
            },
            {
              "id": "B7O2",
              "texto": "Infraestructura (Bicep/Terraform/ARM)"
            },
            {
              "id": "B7O3",
              "texto": "Pipelines (YAML)"
            },
            {
              "id": "B7O4",
              "texto": "Configuración as code"
            },
            {
              "id": "B7OTRO",
              "texto": "Otro (especificar)",
              "otroCampoId": "B7OTRO_TEXTO"
            },
            {
              "id": "B7NO",
              "texto": "No implementado / No aplica"
            }
          ],
          "campoOtro": {
            "id": "B7OTRO_TEXTO",
            "placeholder": "Especifique"
          }
        },
        {
          "id": "B8",
          "tipo": "single",
          "texto": "¿Uso de IA para desarrollo seguro/productivo?",
          "opciones": [
            {
              "id": "B8O1",
              "texto": "GitHub Copilot"
            },
            {
              "id": "B8O2",
              "texto": "Azure AI Studio en flujo dev"
            },
            {
              "id": "B8O3",
              "texto": "Modelos internos"
            },
            {
              "id": "B8O4",
              "texto": "Sin IA"
            },
            {
              "id": "B8OTRO",
              "texto": "Otro (especificar)",
              "otroCampoId": "B8OTRO_TEXTO"
            },
            {
              "id": "B8NO",
              "texto": "No implementado / No aplica"
            }
          ],
          "campoOtro": {
            "id": "B8OTRO_TEXTO",
            "placeholder": "Especifique"
          }
        },
        {
          "id": "B9",
          "tipo": "single",
          "texto": "¿Evidencia de revisión entre pares (peer review) 100% de cambios críticos?",
          "opciones": [
            {
              "id": "B9O1",
              "texto": "Sí, política obligatoria"
            },
            {
              "id": "B9O2",
              "texto": "Parcial"
            },
            {
              "id": "B9O3",
              "texto": "Manual a discreción"
            },
            {
              "id": "B9O4",
              "texto": "No"
            },
            {
              "id": "B9OTRO",
              "texto": "Otro (especificar)",
              "otroCampoId": "B9OTRO_TEXTO"
            },
            {
              "id": "B9NO",
              "texto": "No implementado / No aplica"
            }
          ],
          "campoOtro": {
            "id": "B9OTRO_TEXTO",
            "placeholder": "Especifique"
          }
        },
        {
          "id": "B10",
          "tipo": "single",
          "texto": "¿Gestión de dependencias y SBOM?",
          "opciones": [
            {
              "id": "B10O1",
              "texto": "Dependabot/Renovate + SBOM"
            },
            {
              "id": "B10O2",
              "texto": "Sólo actualizaciones manuales"
            },
            {
              "id": "B10O3",
              "texto": "Auditoría esporádica"
            },
            {
              "id": "B10O4",
              "texto": "No gestionado"
            },
            {
              "id": "B10OTRO",
              "texto": "Otro (especificar)",
              "otroCampoId": "B10OTRO_TEXTO"
            },
            {
              "id": "B10NO",
              "texto": "No implementado / No aplica"
            }
          ],
          "campoOtro": {
            "id": "B10OTRO_TEXTO",
            "placeholder": "Especifique"
          }
        }
      ]
    },
    {
      "id": "C",
      "nombre": "CI/CD y Gestión de Releases",
      "objetivo": "Evalúa el nivel de automatización en los procesos de integración continua, despliegue continuo y gestión de infraestructura.",
      "preguntas": [
        {
          "id": "C1",
          "tipo": "single",
          "texto": "¿Cuál es la herramienta principal que utiliza su equipo para automatizar la compilación, pruebas y despliegue de código?",
          "opciones": [
            {
              "id": "C1O1",
              "texto": "Azure Pipelines"
            },
            {
              "id": "C1O2",
              "texto": "GitHub Actions"
            },
            {
              "id": "C1O3",
              "texto": "GitLab CI"
            },
            {
              "id": "C1O4",
              "texto": "Jenkins"
            },
            {
              "id": "C1OTRO",
              "texto": "Otro (especificar)",
              "otroCampoId": "C1OTRO_TEXTO"
            },
            {
              "id": "C1NO",
              "texto": "No implementado / No aplica"
            }
          ],
          "campoOtro": {
            "id": "C1OTRO_TEXTO",
            "placeholder": "Especifique"
          },
          "texto_original": "¿Orquestador CI/CD primario?"
        },
        {
          "id": "C2",
          "tipo": "multi",
          "texto": "¿Qué herramientas utiliza su equipo para definir y gestionar la infraestructura de servidores y servicios mediante código?",
          "opciones": [
            {
              "id": "C2O1",
              "texto": "Hosted de Microsoft"
            },
            {
              "id": "C2O2",
              "texto": "Self-hosted Windows"
            },
            {
              "id": "C2O3",
              "texto": "Self-hosted Linux"
            },
            {
              "id": "C2O4",
              "texto": "Escalado automático en AKS/VMSS"
            },
            {
              "id": "C2OTRO",
              "texto": "Otro (especificar)",
              "otroCampoId": "C2OTRO_TEXTO"
            },
            {
              "id": "C2NO",
              "texto": "No implementado / No aplica"
            }
          ],
          "campoOtro": {
            "id": "C2OTRO_TEXTO",
            "placeholder": "Especifique"
          },
          "texto_original": "¿Lenguajes/herramientas IaC utilizados?"
        },
        {
          "id": "C3",
          "tipo": "multi",
          "texto": "¿Qué políticas y controles tiene implementados su organización para asegurar el cumplimiento de estándares y buenas prácticas?",
          "opciones": [
            {
              "id": "C3O1",
              "texto": "Blue/Green"
            },
            {
              "id": "C3O2",
              "texto": "Canary/Anillos"
            },
            {
              "id": "C3O3",
              "texto": "A/B Testing"
            },
            {
              "id": "C3O4",
              "texto": "Rings por región/tenant"
            },
            {
              "id": "C3OTRO",
              "texto": "Otro (especificar)",
              "otroCampoId": "C3OTRO_TEXTO"
            },
            {
              "id": "C3NO",
              "texto": "No implementado / No aplica"
            }
          ],
          "campoOtro": {
            "id": "C3OTRO_TEXTO",
            "placeholder": "Especifique"
          },
          "texto_original": "¿Controles de plataforma y gobierno?"
        },
        {
          "id": "C4",
          "tipo": "multi",
          "texto": "¿Cómo protege y gestiona su equipo las contraseñas, claves API y otra información sensible utilizada por las aplicaciones?",
          "opciones": [
            {
              "id": "C4O1",
              "texto": "Gates automáticos"
            },
            {
              "id": "C4O2",
              "texto": "Aprobaciones por entorno"
            },
            {
              "id": "C4O3",
              "texto": "Checks de calidad previos"
            },
            {
              "id": "C4O4",
              "texto": "Change management integrado (ServiceNow)"
            },
            {
              "id": "C4OTRO",
              "texto": "Otro (especificar)",
              "otroCampoId": "C4OTRO_TEXTO"
            },
            {
              "id": "C4NO",
              "texto": "No implementado / No aplica"
            }
          ],
          "campoOtro": {
            "id": "C4OTRO_TEXTO",
            "placeholder": "Especifique"
          },
          "texto_original": "¿Gestión de secretos?"
        },
        {
          "id": "C5",
          "tipo": "multi",
          "texto": "¿Cómo maneja su equipo las configuraciones específicas para cada ambiente (desarrollo, pruebas, producción) de las aplicaciones?",
          "opciones": [
            {
              "id": "C5O1",
              "texto": "Azure App Service"
            },
            {
              "id": "C5O2",
              "texto": "AKS (Kubernetes)"
            },
            {
              "id": "C5O3",
              "texto": "Azure Functions (Flex/Consumo)"
            },
            {
              "id": "C5O4",
              "texto": "VM Scale Sets/VMs"
            },
            {
              "id": "C5OTRO",
              "texto": "Otro (especificar)",
              "otroCampoId": "C5OTRO_TEXTO"
            },
            {
              "id": "C5NO",
              "texto": "No implementado / No aplica"
            }
          ],
          "campoOtro": {
            "id": "C5OTRO_TEXTO",
            "placeholder": "Especifique"
          },
          "texto_original": "¿Gestión de configuración de apps?"
        },
        {
          "id": "C6",
          "tipo": "multi",
          "texto": "¿Cómo está organizada y conectada la infraestructura de red donde funcionan sus aplicaciones y servicios?",
          "opciones": [
            {
              "id": "C6O1",
              "texto": "Azure Key Vault"
            },
            {
              "id": "C6O2",
              "texto": "Variables protegidas"
            },
            {
              "id": "C6O3",
              "texto": "Environments con permisos"
            },
            {
              "id": "C6O4",
              "texto": "Federated Credentials (OIDC)"
            },
            {
              "id": "C6OTRO",
              "texto": "Otro (especificar)",
              "otroCampoId": "C6OTRO_TEXTO"
            },
            {
              "id": "C6NO",
              "texto": "No implementado / No aplica"
            }
          ],
          "campoOtro": {
            "id": "C6OTRO_TEXTO",
            "placeholder": "Especifique"
          },
          "texto_original": "¿Topologías y redes?"
        },
        {
          "id": "C7",
          "tipo": "multi",
          "texto": "Feature flags y configuración dinámica:",
          "opciones": [
            {
              "id": "C7O1",
              "texto": "Azure App Configuration"
            },
            {
              "id": "C7O2",
              "texto": "LaunchDarkly"
            },
            {
              "id": "C7O3",
              "texto": "Azure Front Door rules"
            },
            {
              "id": "C7O4",
              "texto": "Flags en código"
            },
            {
              "id": "C7OTRO",
              "texto": "Otro (especificar)",
              "otroCampoId": "C7OTRO_TEXTO"
            },
            {
              "id": "C7NO",
              "texto": "No implementado / No aplica"
            }
          ],
          "campoOtro": {
            "id": "C7OTRO_TEXTO",
            "placeholder": "Especifique"
          }
        },
        {
          "id": "C8",
          "tipo": "single",
          "texto": "Frecuencia de despliegue a producción:",
          "opciones": [
            {
              "id": "C8O1",
              "texto": "Varias veces al día"
            },
            {
              "id": "C8O2",
              "texto": "Una vez por semana",
              "texto_original": "Semanal"
            },
            {
              "id": "C8O3",
              "texto": "Cada dos semanas",
              "texto_original": "Quincenal"
            },
            {
              "id": "C8O4",
              "texto": "Mensual o más"
            },
            {
              "id": "C8OTRO",
              "texto": "Otro (especificar)",
              "otroCampoId": "C8OTRO_TEXTO"
            },
            {
              "id": "C8NO",
              "texto": "No implementado / No aplica"
            }
          ],
          "campoOtro": {
            "id": "C8OTRO_TEXTO",
            "placeholder": "Especifique"
          }
        },
        {
          "id": "C9",
          "tipo": "multi",
          "texto": "Pruebas obligatorias en CI/CD:",
          "opciones": [
            {
              "id": "C9O1",
              "texto": "Unitarias"
            },
            {
              "id": "C9O2",
              "texto": "Integración"
            },
            {
              "id": "C9O3",
              "texto": "End-to-End"
            },
            {
              "id": "C9O4",
              "texto": "Pruebas de contrato/consumer-driven"
            },
            {
              "id": "C9OTRO",
              "texto": "Otro (especificar)",
              "otroCampoId": "C9OTRO_TEXTO"
            },
            {
              "id": "C9NO",
              "texto": "No implementado / No aplica"
            }
          ],
          "campoOtro": {
            "id": "C9OTRO_TEXTO",
            "placeholder": "Especifique"
          }
        },
        {
          "id": "C10",
          "tipo": "multi",
          "texto": "Notificaciones/visibilidad de fallas:",
          "opciones": [
            {
              "id": "C10O1",
              "texto": "Teams/Email"
            },
            {
              "id": "C10O2",
              "texto": "Azure Monitor Alerts"
            },
            {
              "id": "C10O3",
              "texto": "Dashboards en tiempo real"
            },
            {
              "id": "C10O4",
              "texto": "Reportes post-release"
            },
            {
              "id": "C10OTRO",
              "texto": "Otro (especificar)",
              "otroCampoId": "C10OTRO_TEXTO"
            },
            {
              "id": "C10NO",
              "texto": "No implementado / No aplica"
            }
          ],
          "campoOtro": {
            "id": "C10OTRO_TEXTO",
            "placeholder": "Especifique"
          }
        }
      ]
    },
    {
      "id": "D",
      "nombre": "Infraestructura como Código y Configuración",
      "objetivo": "Evalúa las prácticas de gestión de infraestructura como código y arquitectura en la nube.",
      "preguntas": [
        {
          "id": "D1",
          "tipo": "multi",
          "texto": "¿Lenguajes/herramientas IaC utilizados?",
          "opciones": [
            {
              "id": "D1O1",
              "texto": "Bicep"
            },
            {
              "id": "D1O2",
              "texto": "Terraform"
            },
            {
              "id": "D1O3",
              "texto": "ARM templates"
            },
            {
              "id": "D1O4",
              "texto": "Pulumi"
            },
            {
              "id": "D1OTRO",
              "texto": "Otro (especificar)",
              "otroCampoId": "D1OTRO_TEXTO"
            },
            {
              "id": "D1NO",
              "texto": "No implementado / No aplica"
            }
          ],
          "campoOtro": {
            "id": "D1OTRO_TEXTO",
            "placeholder": "Especifique"
          }
        },
        {
          "id": "D2",
          "tipo": "multi",
          "texto": "¿Controles de plataforma y gobierno?",
          "opciones": [
            {
              "id": "D2O1",
              "texto": "Azure Policy"
            },
            {
              "id": "D2O2",
              "texto": "Management Groups"
            },
            {
              "id": "D2O3",
              "texto": "Blueprints/ALZ"
            },
            {
              "id": "D2O4",
              "texto": "Azure Resource Graph"
            },
            {
              "id": "D2OTRO",
              "texto": "Otro (especificar)",
              "otroCampoId": "D2OTRO_TEXTO"
            },
            {
              "id": "D2NO",
              "texto": "No implementado / No aplica"
            }
          ],
          "campoOtro": {
            "id": "D2OTRO_TEXTO",
            "placeholder": "Especifique"
          }
        },
        {
          "id": "D3",
          "tipo": "multi",
          "texto": "¿Gestión de secretos?",
          "opciones": [
            {
              "id": "D3O1",
              "texto": "Azure Key Vault"
            },
            {
              "id": "D3O2",
              "texto": "Managed HSM"
            },
            {
              "id": "D3O3",
              "texto": "Entra ID App Registrations"
            },
            {
              "id": "D3O4",
              "texto": "Rotación automatizada"
            },
            {
              "id": "D3OTRO",
              "texto": "Otro (especificar)",
              "otroCampoId": "D3OTRO_TEXTO"
            },
            {
              "id": "D3NO",
              "texto": "No implementado / No aplica"
            }
          ],
          "campoOtro": {
            "id": "D3OTRO_TEXTO",
            "placeholder": "Especifique"
          }
        },
        {
          "id": "D4",
          "tipo": "multi",
          "texto": "¿Gestión de configuración de apps?",
          "opciones": [
            {
              "id": "D4O1",
              "texto": "Azure App Configuration"
            },
            {
              "id": "D4O2",
              "texto": "Private DNS + resolutores"
            },
            {
              "id": "D4O3",
              "texto": "Key Vault references"
            },
            {
              "id": "D4O4",
              "texto": "Versionado de settings"
            },
            {
              "id": "D4OTRO",
              "texto": "Otro (especificar)",
              "otroCampoId": "D4OTRO_TEXTO"
            },
            {
              "id": "D4NO",
              "texto": "No implementado / No aplica"
            }
          ],
          "campoOtro": {
            "id": "D4OTRO_TEXTO",
            "placeholder": "Especifique"
          }
        },
        {
          "id": "D5",
          "tipo": "multi",
          "texto": "¿Topologías y redes?",
          "opciones": [
            {
              "id": "D5O1",
              "texto": "VNet con Private Endpoints"
            },
            {
              "id": "D5O2",
              "texto": "Azure Firewall"
            },
            {
              "id": "D5O3",
              "texto": "Azure Application Gateway/WAF"
            },
            {
              "id": "D5O4",
              "texto": "Hub-Spoke/Peering"
            },
            {
              "id": "D5OTRO",
              "texto": "Otro (especificar)",
              "otroCampoId": "D5OTRO_TEXTO"
            },
            {
              "id": "D5NO",
              "texto": "No implementado / No aplica"
            }
          ],
          "campoOtro": {
            "id": "D5OTRO_TEXTO",
            "placeholder": "Especifique"
          }
        },
        {
          "id": "D6",
          "tipo": "multi",
          "texto": "¿Estratégias de aprovisionamiento?",
          "opciones": [
            {
              "id": "D6O1",
              "texto": "Pipelines declarativos (GitOps)"
            },
            {
              "id": "D6O2",
              "texto": "Validaciones/plan antes de apply"
            },
            {
              "id": "D6O3",
              "texto": "State remoto y bloqueos"
            },
            {
              "id": "D6O4",
              "texto": "PRs de infra con revisión"
            },
            {
              "id": "D6OTRO",
              "texto": "Otro (especificar)",
              "otroCampoId": "D6OTRO_TEXTO"
            },
            {
              "id": "D6NO",
              "texto": "No implementado / No aplica"
            }
          ],
          "campoOtro": {
            "id": "D6OTRO_TEXTO",
            "placeholder": "Especifique"
          }
        },
        {
          "id": "D7",
          "tipo": "multi",
          "texto": "¿Pruebas de IaC y drift?",
          "opciones": [
            {
              "id": "D7O1",
              "texto": "Validación con what-if/terraform plan"
            },
            {
              "id": "D7O2",
              "texto": "Escaneo de políticas"
            },
            {
              "id": "D7O3",
              "texto": "Drift detection"
            },
            {
              "id": "D7O4",
              "texto": "Pruebas post-provisioning"
            },
            {
              "id": "D7OTRO",
              "texto": "Otro (especificar)",
              "otroCampoId": "D7OTRO_TEXTO"
            },
            {
              "id": "D7NO",
              "texto": "No implementado / No aplica"
            }
          ],
          "campoOtro": {
            "id": "D7OTRO_TEXTO",
            "placeholder": "Especifique"
          }
        },
        {
          "id": "D8",
          "tipo": "multi",
          "texto": "¿Servicios PaaS predominantes?",
          "opciones": [
            {
              "id": "D8O1",
              "texto": "App Service/Functions"
            },
            {
              "id": "D8O2",
              "texto": "Cosmos DB"
            },
            {
              "id": "D8O3",
              "texto": "PostgreSQL Flexible Server"
            },
            {
              "id": "D8O4",
              "texto": "Service Bus/Event Grid"
            },
            {
              "id": "D8OTRO",
              "texto": "Otro (especificar)",
              "otroCampoId": "D8OTRO_TEXTO"
            },
            {
              "id": "D8NO",
              "texto": "No implementado / No aplica"
            }
          ],
          "campoOtro": {
            "id": "D8OTRO_TEXTO",
            "placeholder": "Especifique"
          }
        },
        {
          "id": "D9",
          "tipo": "multi",
          "texto": "¿Herramientas de contenedores?",
          "opciones": [
            {
              "id": "D9O1",
              "texto": "AKS"
            },
            {
              "id": "D9O2",
              "texto": "ACR"
            },
            {
              "id": "D9O3",
              "texto": "Dapr/KEDA"
            },
            {
              "id": "D9O4",
              "texto": "Azure Container Apps"
            },
            {
              "id": "D9OTRO",
              "texto": "Otro (especificar)",
              "otroCampoId": "D9OTRO_TEXTO"
            },
            {
              "id": "D9NO",
              "texto": "No implementado / No aplica"
            }
          ],
          "campoOtro": {
            "id": "D9OTRO_TEXTO",
            "placeholder": "Especifique"
          }
        },
        {
          "id": "D10",
          "tipo": "multi",
          "texto": "¿Prácticas de resiliencia y HA?",
          "opciones": [
            {
              "id": "D10O1",
              "texto": "Zonas de disponibilidad"
            },
            {
              "id": "D10O2",
              "texto": "Multi-región activo-activo"
            },
            {
              "id": "D10O3",
              "texto": "Backup/Restore automatizado"
            },
            {
              "id": "D10O4",
              "texto": "Traffic Manager/Front Door"
            },
            {
              "id": "D10OTRO",
              "texto": "Otro (especificar)",
              "otroCampoId": "D10OTRO_TEXTO"
            },
            {
              "id": "D10NO",
              "texto": "No implementado / No aplica"
            }
          ],
          "campoOtro": {
            "id": "D10OTRO_TEXTO",
            "placeholder": "Especifique"
          }
        }
      ]
    },
    {
      "id": "E",
      "nombre": "Seguridad y Cumplimiento",
      "objetivo": "Evalúa las medidas de seguridad implementadas en todo el ciclo de desarrollo y despliegue.",
      "preguntas": [
        {
          "id": "E1",
          "tipo": "multi",
          "texto": "¿Servicios para postura de seguridad?",
          "opciones": [
            {
              "id": "E1O1",
              "texto": "Microsoft Defender for Cloud"
            },
            {
              "id": "E1O2",
              "texto": "Defender for DevOps"
            },
            {
              "id": "E1O3",
              "texto": "Defender for Containers"
            },
            {
              "id": "E1O4",
              "texto": "Entra Permissions/PIM"
            },
            {
              "id": "E1OTRO",
              "texto": "Otro (especificar)",
              "otroCampoId": "E1OTRO_TEXTO"
            },
            {
              "id": "E1NO",
              "texto": "No implementado / No aplica"
            }
          ],
          "campoOtro": {
            "id": "E1OTRO_TEXTO",
            "placeholder": "Especifique"
          }
        },
        {
          "id": "E2",
          "tipo": "multi",
          "texto": "¿Identidad y acceso?",
          "opciones": [
            {
              "id": "E2O1",
              "texto": "Microsoft Entra ID (RBAC)"
            },
            {
              "id": "E2O2",
              "texto": "Conditional Access"
            },
            {
              "id": "E2O3",
              "texto": "Privileged Identity Management"
            },
            {
              "id": "E2O4",
              "texto": "Identity Protection"
            },
            {
              "id": "E2OTRO",
              "texto": "Otro (especificar)",
              "otroCampoId": "E2OTRO_TEXTO"
            },
            {
              "id": "E2NO",
              "texto": "No implementado / No aplica"
            }
          ],
          "campoOtro": {
            "id": "E2OTRO_TEXTO",
            "placeholder": "Especifique"
          }
        },
        {
          "id": "E3",
          "tipo": "multi",
          "texto": "¿Protección de código y pipelines?",
          "opciones": [
            {
              "id": "E3O1",
              "texto": "SAST (CodeQL/Semgrep)"
            },
            {
              "id": "E3O2",
              "texto": "Secret scanning"
            },
            {
              "id": "E3O3",
              "texto": "DAST/IAST"
            },
            {
              "id": "E3O4",
              "texto": "Supply chain (Sigstore/SLSA)"
            },
            {
              "id": "E3OTRO",
              "texto": "Otro (especificar)",
              "otroCampoId": "E3OTRO_TEXTO"
            },
            {
              "id": "E3NO",
              "texto": "No implementado / No aplica"
            }
          ],
          "campoOtro": {
            "id": "E3OTRO_TEXTO",
            "placeholder": "Especifique"
          }
        },
        {
          "id": "E4",
          "tipo": "multi",
          "texto": "¿Cumplimiento y baseline?",
          "opciones": [
            {
              "id": "E4O1",
              "texto": "Azure Policy initiatives"
            },
            {
              "id": "E4O2",
              "texto": "Regulatory Compliance (PCI/ISO)"
            },
            {
              "id": "E4O3",
              "texto": "Blueprints/ALZ Security"
            },
            {
              "id": "E4O4",
              "texto": "MFA/Phishing-resistant"
            },
            {
              "id": "E4OTRO",
              "texto": "Otro (especificar)",
              "otroCampoId": "E4OTRO_TEXTO"
            },
            {
              "id": "E4NO",
              "texto": "No implementado / No aplica"
            }
          ],
          "campoOtro": {
            "id": "E4OTRO_TEXTO",
            "placeholder": "Especifique"
          }
        },
        {
          "id": "E5",
          "tipo": "multi",
          "texto": "¿Cifrado y certificados?",
          "opciones": [
            {
              "id": "E5O1",
              "texto": "Cifrado en reposo (CMK)"
            },
            {
              "id": "E5O2",
              "texto": "TLS gestionado"
            },
            {
              "id": "E5O3",
              "texto": "Key Vault Certificates"
            },
            {
              "id": "E5O4",
              "texto": "Rotation/Expiry alerts"
            },
            {
              "id": "E5OTRO",
              "texto": "Otro (especificar)",
              "otroCampoId": "E5OTRO_TEXTO"
            },
            {
              "id": "E5NO",
              "texto": "No implementado / No aplica"
            }
          ],
          "campoOtro": {
            "id": "E5OTRO_TEXTO",
            "placeholder": "Especifique"
          }
        },
        {
          "id": "E6",
          "tipo": "multi",
          "texto": "¿Seguridad de datos y privacidad?",
          "opciones": [
            {
              "id": "E6O1",
              "texto": "Purview (Data Map/Scan)"
            },
            {
              "id": "E6O2",
              "texto": "Etiquetado/MIP"
            },
            {
              "id": "E6O3",
              "texto": "DLP"
            },
            {
              "id": "E6O4",
              "texto": "Tokenización/mascarado"
            },
            {
              "id": "E6OTRO",
              "texto": "Otro (especificar)",
              "otroCampoId": "E6OTRO_TEXTO"
            },
            {
              "id": "E6NO",
              "texto": "No implementado / No aplica"
            }
          ],
          "campoOtro": {
            "id": "E6OTRO_TEXTO",
            "placeholder": "Especifique"
          }
        },
        {
          "id": "E7",
          "tipo": "multi",
          "texto": "¿Gestión de vulnerabilidades?",
          "opciones": [
            {
              "id": "E7O1",
              "texto": "Defender Vulnerability Mgmt"
            },
            {
              "id": "E7O2",
              "texto": "MDE/EDR"
            },
            {
              "id": "E7O3",
              "texto": "Qualys/TVM"
            },
            {
              "id": "E7O4",
              "texto": "CVE dashboards con SLAs"
            },
            {
              "id": "E7OTRO",
              "texto": "Otro (especificar)",
              "otroCampoId": "E7OTRO_TEXTO"
            },
            {
              "id": "E7NO",
              "texto": "No implementado / No aplica"
            }
          ],
          "campoOtro": {
            "id": "E7OTRO_TEXTO",
            "placeholder": "Especifique"
          }
        },
        {
          "id": "E8",
          "tipo": "multi",
          "texto": "¿Seguridad de contenedores/AKS?",
          "opciones": [
            {
              "id": "E8O1",
              "texto": "Image scanning (ACR/Defender)"
            },
            {
              "id": "E8O2",
              "texto": "Admission control/OPA/Gatekeeper"
            },
            {
              "id": "E8O3",
              "texto": "Runtime protection"
            },
            {
              "id": "E8O4",
              "texto": "Network policies"
            },
            {
              "id": "E8OTRO",
              "texto": "Otro (especificar)",
              "otroCampoId": "E8OTRO_TEXTO"
            },
            {
              "id": "E8NO",
              "texto": "No implementado / No aplica"
            }
          ],
          "campoOtro": {
            "id": "E8OTRO_TEXTO",
            "placeholder": "Especifique"
          }
        },
        {
          "id": "E9",
          "tipo": "multi",
          "texto": "¿Respuesta a incidentes y playbooks?",
          "opciones": [
            {
              "id": "E9O1",
              "texto": "Sentinel (SIEM/SOAR)"
            },
            {
              "id": "E9O2",
              "texto": "Runbooks/Automation"
            },
            {
              "id": "E9O3",
              "texto": "Playbooks con Logic Apps"
            },
            {
              "id": "E9O4",
              "texto": "Tabletop exercises"
            },
            {
              "id": "E9OTRO",
              "texto": "Otro (especificar)",
              "otroCampoId": "E9OTRO_TEXTO"
            },
            {
              "id": "E9NO",
              "texto": "No implementado / No aplica"
            }
          ],
          "campoOtro": {
            "id": "E9OTRO_TEXTO",
            "placeholder": "Especifique"
          }
        },
        {
          "id": "E10",
          "tipo": "multi",
          "texto": "¿Seguridad en ciclo de vida?",
          "opciones": [
            {
              "id": "E10O1",
              "texto": "Threat Modeling (STRIDE)"
            },
            {
              "id": "E10O2",
              "texto": "Security Champions"
            },
            {
              "id": "E10O3",
              "texto": "Revisiones de seguridad en PR"
            },
            {
              "id": "E10O4",
              "texto": "Security gates en release"
            },
            {
              "id": "E10OTRO",
              "texto": "Otro (especificar)",
              "otroCampoId": "E10OTRO_TEXTO"
            },
            {
              "id": "E10NO",
              "texto": "No implementado / No aplica"
            }
          ],
          "campoOtro": {
            "id": "E10OTRO_TEXTO",
            "placeholder": "Especifique"
          }
        }
      ]
    },
    {
      "id": "F",
      "nombre": "Observabilidad, Monitoreo y Operación",
      "objetivo": "Evalúa las capacidades de monitoreo, observabilidad y respuesta a incidentes en producción.",
      "preguntas": [
        {
          "id": "F1",
          "tipo": "multi",
          "texto": "¿Colección y consulta de logs/métricas/trazas?",
          "opciones": [
            {
              "id": "F1O1",
              "texto": "Azure Monitor Logs"
            },
            {
              "id": "F1O2",
              "texto": "Log Analytics (KQL)"
            },
            {
              "id": "F1O3",
              "texto": "Application Insights"
            },
            {
              "id": "F1O4",
              "texto": "OpenTelemetry"
            },
            {
              "id": "F1OTRO",
              "texto": "Otro (especificar)",
              "otroCampoId": "F1OTRO_TEXTO"
            },
            {
              "id": "F1NO",
              "texto": "No implementado / No aplica"
            }
          ],
          "campoOtro": {
            "id": "F1OTRO_TEXTO",
            "placeholder": "Especifique"
          }
        },
        {
          "id": "F2",
          "tipo": "multi",
          "texto": "¿Dashboards y visualización?",
          "opciones": [
            {
              "id": "F2O1",
              "texto": "Workbooks de Azure"
            },
            {
              "id": "F2O2",
              "texto": "Grafana"
            },
            {
              "id": "F2O3",
              "texto": "Power BI"
            },
            {
              "id": "F2O4",
              "texto": "Paneles personalizados (KQL + Azure Dashboards)"
            },
            {
              "id": "F2OTRO",
              "texto": "Otro (especificar)",
              "otroCampoId": "F2OTRO_TEXTO"
            },
            {
              "id": "F2NO",
              "texto": "No implementado / No aplica"
            }
          ],
          "campoOtro": {
            "id": "F2OTRO_TEXTO",
            "placeholder": "Especifique"
          }
        },
        {
          "id": "F3",
          "tipo": "multi",
          "texto": "¿Alertamiento y routing?",
          "opciones": [
            {
              "id": "F3O1",
              "texto": "Alert rules con Action Groups"
            },
            {
              "id": "F3O2",
              "texto": "ITSM Connector (ServiceNow)"
            },
            {
              "id": "F3O3",
              "texto": "Notificaciones Teams/Email"
            },
            {
              "id": "F3O4",
              "texto": "Supresión/Dedupe"
            },
            {
              "id": "F3OTRO",
              "texto": "Otro (especificar)",
              "otroCampoId": "F3OTRO_TEXTO"
            },
            {
              "id": "F3NO",
              "texto": "No implementado / No aplica"
            }
          ],
          "campoOtro": {
            "id": "F3OTRO_TEXTO",
            "placeholder": "Especifique"
          }
        },
        {
          "id": "F4",
          "tipo": "single",
          "texto": "¿SLOs/SLIs definidos y medidos?",
          "opciones": [
            {
              "id": "F4O1",
              "texto": "Sí (confiables y publicitados)"
            },
            {
              "id": "F4O2",
              "texto": "Parcial"
            },
            {
              "id": "F4O3",
              "texto": "En diseño"
            },
            {
              "id": "F4O4",
              "texto": "No definidos"
            },
            {
              "id": "F4OTRO",
              "texto": "Otro (especificar)",
              "otroCampoId": "F4OTRO_TEXTO"
            },
            {
              "id": "F4NO",
              "texto": "No implementado / No aplica"
            }
          ],
          "campoOtro": {
            "id": "F4OTRO_TEXTO",
            "placeholder": "Especifique"
          }
        },
        {
          "id": "F5",
          "tipo": "multi",
          "texto": "¿Gestión de incidencias y postmortems?",
          "opciones": [
            {
              "id": "F5O1",
              "texto": "Canalización con ServiceNow"
            },
            {
              "id": "F5O2",
              "texto": "Plantillas 5 Whys/Blameless"
            },
            {
              "id": "F5O3",
              "texto": "Acciones correctivas rastreadas"
            },
            {
              "id": "F5O4",
              "texto": "Runbooks de recuperación"
            },
            {
              "id": "F5OTRO",
              "texto": "Otro (especificar)",
              "otroCampoId": "F5OTRO_TEXTO"
            },
            {
              "id": "F5NO",
              "texto": "No implementado / No aplica"
            }
          ],
          "campoOtro": {
            "id": "F5OTRO_TEXTO",
            "placeholder": "Especifique"
          }
        },
        {
          "id": "F6",
          "tipo": "multi",
          "texto": "¿Fiabilidad y pruebas de resiliencia?",
          "opciones": [
            {
              "id": "F6O1",
              "texto": "Chaos Studio"
            },
            {
              "id": "F6O2",
              "texto": "Load Testing"
            },
            {
              "id": "F6O3",
              "texto": "DR drills"
            },
            {
              "id": "F6O4",
              "texto": "Synthetic transactions"
            },
            {
              "id": "F6OTRO",
              "texto": "Otro (especificar)",
              "otroCampoId": "F6OTRO_TEXTO"
            },
            {
              "id": "F6NO",
              "texto": "No implementado / No aplica"
            }
          ],
          "campoOtro": {
            "id": "F6OTRO_TEXTO",
            "placeholder": "Especifique"
          }
        },
        {
          "id": "F7",
          "tipo": "multi",
          "texto": "¿Gestión de costos y eficiencia?",
          "opciones": [
            {
              "id": "F7O1",
              "texto": "Azure Cost Management + budgets"
            },
            {
              "id": "F7O2",
              "texto": "Right-sizing/Autoscaling"
            },
            {
              "id": "F7O3",
              "texto": "Reserved/Savings Plans"
            },
            {
              "id": "F7O4",
              "texto": "Etiquetado/chargeback"
            },
            {
              "id": "F7OTRO",
              "texto": "Otro (especificar)",
              "otroCampoId": "F7OTRO_TEXTO"
            },
            {
              "id": "F7NO",
              "texto": "No implementado / No aplica"
            }
          ],
          "campoOtro": {
            "id": "F7OTRO_TEXTO",
            "placeholder": "Especifique"
          }
        },
        {
          "id": "F8",
          "tipo": "multi",
          "texto": "¿Salud de plataforma y dependencias?",
          "opciones": [
            {
              "id": "F8O1",
              "texto": "Service Health/Resource Health"
            },
            {
              "id": "F8O2",
              "texto": "Dependency Map"
            },
            {
              "id": "F8O3",
              "texto": "App Insights Availability"
            },
            {
              "id": "F8O4",
              "texto": "Watchdog/Heartbeats"
            },
            {
              "id": "F8OTRO",
              "texto": "Otro (especificar)",
              "otroCampoId": "F8OTRO_TEXTO"
            },
            {
              "id": "F8NO",
              "texto": "No implementado / No aplica"
            }
          ],
          "campoOtro": {
            "id": "F8OTRO_TEXTO",
            "placeholder": "Especifique"
          }
        },
        {
          "id": "F9",
          "tipo": "multi",
          "texto": "¿Operación de contenedores?",
          "opciones": [
            {
              "id": "F9O1",
              "texto": "Container insights/Prometheus"
            },
            {
              "id": "F9O2",
              "texto": "Keda/HPA"
            },
            {
              "id": "F9O3",
              "texto": "Azure Policy for AKS"
            },
            {
              "id": "F9O4",
              "texto": "Azure Arc-enabled Kubernetes"
            },
            {
              "id": "F9OTRO",
              "texto": "Otro (especificar)",
              "otroCampoId": "F9OTRO_TEXTO"
            },
            {
              "id": "F9NO",
              "texto": "No implementado / No aplica"
            }
          ],
          "campoOtro": {
            "id": "F9OTRO_TEXTO",
            "placeholder": "Especifique"
          }
        },
        {
          "id": "F10",
          "tipo": "multi",
          "texto": "¿Mejora continua y experimentación?",
          "opciones": [
            {
              "id": "F10O1",
              "texto": "A/B con Feature flags"
            },
            {
              "id": "F10O2",
              "texto": "Canary + métricas de negocio"
            },
            {
              "id": "F10O3",
              "texto": "Alertas de regresión"
            },
            {
              "id": "F10O4",
              "texto": "Telemetría de experiencia (RUM)"
            },
            {
              "id": "F10OTRO",
              "texto": "Otro (especificar)",
              "otroCampoId": "F10OTRO_TEXTO"
            },
            {
              "id": "F10NO",
              "texto": "No implementado / No aplica"
            }
          ],
          "campoOtro": {
            "id": "F10OTRO_TEXTO",
            "placeholder": "Especifique"
          }
        }
      ]
    }
  ]
}